ID,STIX ID,name,description,url,created,last modified,domain,version,associated campaigns,associated campaigns citations,first seen,first seen citation,last seen,last seen citation,contributors,relationship citations
C0028,campaign--46421788-b6e1-4256-b351-f8beffd1afba,2015 Ukraine Electric Power Attack,[2015 Ukraine Electric Power Attack](https://attack.mitre.org/campaigns/C0028) was a [Sandworm Team](https://attack.mitre.org/groups/G0034) campaign during which they used [BlackEnergy](https://attack.mitre.org/software/S0089) (specifically BlackEnergy3) and [KillDisk](https://attack.mitre.org/software/S0607) to target and disrupt transmission and distribution substations within the Ukrainian power grid. This campaign was the first major public attack conducted against the Ukrainian power grid by Sandworm Team.,https://attack.mitre.org/campaigns/C0028,27 September 2023,06 October 2023,"ics-attack,enterprise-attack",1.0,,,01 December 2015,(Citation: Booz Allen Hamilton),01 January 2016,(Citation: Booz Allen Hamilton),,"(Citation: Booz Allen Hamilton),(Citation: Charles McLellan March 2016),(Citation: Ukraine15 - EISAC - 201603),(Citation: Booz Allen Hamilton),(Citation: Andy Greenberg June 2017),(Citation: US District Court Indictment GRU Unit 74455 October 2020)"
C0025,campaign--aa73efef-1418-4dbe-b43c-87a498e97234,2016 Ukraine Electric Power Attack,[2016 Ukraine Electric Power Attack](https://attack.mitre.org/campaigns/C0025) was a [Sandworm Team](https://attack.mitre.org/groups/G0034) campaign during which they used [Industroyer](https://attack.mitre.org/software/S0604) malware to target and disrupt distribution substations within the Ukrainian power grid. This campaign was the second major public attack conducted against Ukraine by [Sandworm Team](https://attack.mitre.org/groups/G0034).(Citation: ESET Industroyer)(Citation: Dragos Crashoverride 2018),https://attack.mitre.org/campaigns/C0025,31 March 2023,10 April 2023,"enterprise-attack,ics-attack",1.0,,,01 December 2016,(Citation: ESET Industroyer)(Citation: Dragos Crashoverride 2018),01 December 2016,(Citation: ESET Industroyer)(Citation: Dragos Crashoverride 2018),,"(Citation: Dragos Crashoverride 2018),(Citation: ESET Industroyer),(Citation: Dragos Crashoverride 2018),(Citation: ESET Industroyer),(Citation: Dragos Crashoverride 2017),(Citation: Joe Slowik August 2019),(Citation: US District Court Indictment GRU Unit 74455 October 2020)"
C0034,campaign--df8eb785-70f8-4300-b444-277ba849083d,2022 Ukraine Electric Power Attack,"The [2022 Ukraine Electric Power Attack](https://attack.mitre.org/campaigns/C0034) was a [Sandworm Team](https://attack.mitre.org/groups/G0034) campaign that used a combination of GOGETTER, Neo-REGEORG, [CaddyWiper](https://attack.mitre.org/software/S0693), and living of the land (LotL) techniques to gain access to a Ukrainian electric utility to send unauthorized commands from their SCADA system.(Citation: Mandiant-Sandworm-Ukraine-2022)(Citation: Dragos-Sandworm-Ukraine-2022) ",https://attack.mitre.org/campaigns/C0034,27 March 2024,10 April 2024,"enterprise-attack,ics-attack",1.0,,,01 June 2022,(Citation: Mandiant-Sandworm-Ukraine-2022),01 October 2022,(Citation: Mandiant-Sandworm-Ukraine-2022),,"(Citation: Mandiant-Sandworm-Ukraine-2022),(Citation: Mandiant-Sandworm-Ukraine-2022),(Citation: Dragos-Sandworm-Ukraine-2022),(Citation: Mandiant-Sandworm-Ukraine-2022)"
C0040,campaign--add4d9de-1256-4166-83b8-57087288dced,APT41 DUST,"[APT41 DUST](https://attack.mitre.org/campaigns/C0040) was conducted by [APT41](https://attack.mitre.org/groups/G0096) from 2023 to July 2024 against entities in Europe, Asia, and the Middle East. [APT41 DUST](https://attack.mitre.org/campaigns/C0040) targeted sectors such as shipping, logistics, and media for information gathering purposes. [APT41](https://attack.mitre.org/groups/G0096) used previously-observed malware such as [DUSTPAN](https://attack.mitre.org/software/S1158) as well as newly observed tools such as [DUSTTRAP](https://attack.mitre.org/software/S1159) in [APT41 DUST](https://attack.mitre.org/campaigns/C0040).(Citation: Google Cloud APT41 2024)",https://attack.mitre.org/campaigns/C0040,16 September 2024,21 September 2024,enterprise-attack,1.0,,,31 January 2023,(Citation: Google Cloud APT41 2024),30 June 2024,(Citation: Google Cloud APT41 2024),,"(Citation: Google Cloud APT41 2024),(Citation: Google Cloud APT41 2024),(Citation: Google Cloud APT41 2024)"
C0010,campaign--ab747e62-1bcb-479f-a26b-1cd39d413d81,C0010,"[C0010](https://attack.mitre.org/campaigns/C0010) was a cyber espionage campaign conducted by UNC3890 that targeted Israeli shipping, government, aviation, energy, and healthcare organizations. Security researcher assess UNC3890 conducts operations in support of Iranian interests, and noted several limited technical connections to Iran, including PDB strings and Farsi language artifacts. [C0010](https://attack.mitre.org/campaigns/C0010) began by at least late 2020, and was still ongoing as of mid-2022.(Citation: Mandiant UNC3890 Aug 2022)",https://attack.mitre.org/campaigns/C0010,21 September 2022,04 October 2022,enterprise-attack,1.0,,,01 December 2020,(Citation: Mandiant UNC3890 Aug 2022),01 August 2022,(Citation: Mandiant UNC3890 Aug 2022),,"(Citation: Mandiant UNC3890 Aug 2022),(Citation: Mandiant UNC3890 Aug 2022),"
C0011,campaign--b4e5a4a9-f3be-4631-ba8f-da6ebb067fac,C0011,"[C0011](https://attack.mitre.org/campaigns/C0011) was a suspected cyber espionage campaign conducted by [Transparent Tribe](https://attack.mitre.org/groups/G0134) that targeted students at universities and colleges in India. Security researchers noted this campaign against students was a significant shift from [Transparent Tribe](https://attack.mitre.org/groups/G0134)'s historic targeting Indian government, military, and think tank personnel, and assessed it was still ongoing as of July 2022.(Citation: Cisco Talos Transparent Tribe Education Campaign July 2022) ",https://attack.mitre.org/campaigns/C0011,22 September 2022,22 September 2022,enterprise-attack,1.0,,,01 December 2021,(Citation: Cisco Talos Transparent Tribe Education Campaign July 2022),01 July 2022,(Citation: Cisco Talos Transparent Tribe Education Campaign July 2022),,"(Citation: Cisco Talos Transparent Tribe Education Campaign July 2022),(Citation: Cisco Talos Transparent Tribe Education Campaign July 2022),(Citation: Cisco Talos Transparent Tribe Education Campaign July 2022)"
C0015,campaign--78068e68-4124-4243-b6f4-76e4e5be8a06,C0015,"[C0015](https://attack.mitre.org/campaigns/C0015) was a ransomware intrusion during which the unidentified attackers used [Bazar](https://attack.mitre.org/software/S0534), [Cobalt Strike](https://attack.mitre.org/software/S0154), and [Conti](https://attack.mitre.org/software/S0575), along with other tools, over a 5 day period. Security researchers assessed the actors likely used the widely-circulated [Conti](https://attack.mitre.org/software/S0575) ransomware playbook based on the observed pattern of activity and operator errors.(Citation: DFIR Conti Bazar Nov 2021)",https://attack.mitre.org/campaigns/C0015,29 September 2022,29 September 2022,enterprise-attack,1.0,,,01 August 2021,(Citation: DFIR Conti Bazar Nov 2021),01 August 2021,(Citation: DFIR Conti Bazar Nov 2021),"Matt Brenton, Zurich Insurance Group","(Citation: DFIR Conti Bazar Nov 2021),(Citation: DFIR Conti Bazar Nov 2021),"
C0017,campaign--ba6dfa37-f401-4140-88b0-8938f2895e61,C0017,"[C0017](https://attack.mitre.org/campaigns/C0017) was an [APT41](https://attack.mitre.org/groups/G0096) campaign conducted between May 2021 and February 2022 that successfully compromised at least six U.S. state government networks through the exploitation of vulnerable Internet facing web applications. During [C0017](https://attack.mitre.org/campaigns/C0017), [APT41](https://attack.mitre.org/groups/G0096) was quick to adapt and use publicly-disclosed as well as zero-day vulnerabilities for initial access, and in at least two cases re-compromised victims following remediation efforts. The goals of [C0017](https://attack.mitre.org/campaigns/C0017) are unknown, however [APT41](https://attack.mitre.org/groups/G0096) was observed exfiltrating Personal Identifiable Information (PII).(Citation: Mandiant APT41)",https://attack.mitre.org/campaigns/C0017,01 December 2022,25 January 2023,enterprise-attack,1.0,,,01 May 2021,(Citation: Mandiant APT41),01 February 2022,(Citation: Mandiant APT41),"Kyaw Pyiyt Htet, @KyawPyiytHtet","(Citation: Mandiant APT41),(Citation: Mandiant APT41),(Citation: Mandiant APT41)"
C0018,campaign--519ee082-8ab6-439b-988f-a8a3f02c8d30,C0018,"
[C0018](https://attack.mitre.org/campaigns/C0018) was a month-long ransomware intrusion that successfully deployed [AvosLocker](https://attack.mitre.org/software/S1053) onto a compromised network. The unidentified actors gained initial access to the victim network through an exposed server and used a variety of open-source tools prior to executing [AvosLocker](https://attack.mitre.org/software/S1053).(Citation: Costa AvosLocker May 2022)(Citation: Cisco Talos Avos Jun 2022)",https://attack.mitre.org/campaigns/C0018,17 January 2023,14 February 2023,enterprise-attack,1.0,,,01 February 2022,(Citation: Cisco Talos Avos Jun 2022),01 March 2022,(Citation: Cisco Talos Avos Jun 2022),"Flavio Costa, Cisco","(Citation: Costa AvosLocker May 2022),(Citation: Cisco Talos Avos Jun 2022),(Citation: Costa AvosLocker May 2022),(Citation: Cisco Talos Avos Jun 2022),"
C0021,campaign--712e38c3-a656-426a-9b3b-a6bfb63294c6,C0021,"[C0021](https://attack.mitre.org/campaigns/C0021) was a spearphishing campaign conducted in November 2018 that targeted public sector institutions, non-governmental organizations (NGOs), educational institutions, and private-sector corporations in the oil and gas, chemical, and hospitality industries. The majority of targets were located in the US, particularly in and around Washington D.C., with other targets located in Europe, Hong Kong, India, and Canada. [C0021](https://attack.mitre.org/campaigns/C0021)'s technical artifacts, tactics, techniques, and procedures (TTPs), and targeting overlap with previous suspected [APT29](https://attack.mitre.org/groups/G0016) activity.(Citation: Microsoft Unidentified Dec 2018)(Citation: FireEye APT29 Nov 2018)",https://attack.mitre.org/campaigns/C0021,15 March 2023,05 April 2023,enterprise-attack,1.0,,,01 November 2018,(Citation: FireEye APT29 Nov 2018)(Citation: Microsoft Unidentified Dec 2018),01 November 2018,(Citation: FireEye APT29 Nov 2018)(Citation: Microsoft Unidentified Dec 2018),,"(Citation: FireEye APT29 Nov 2018),(Citation: Microsoft Unidentified Dec 2018),(Citation: FireEye APT29 Nov 2018),(Citation: Microsoft Unidentified Dec 2018),"
C0026,campaign--c89fa3ff-4773-4daf-8aec-d8f43f10116e,C0026,[C0026](https://attack.mitre.org/campaigns/C0026) was a campaign identified in September 2022 that included the selective distribution of [KOPILUWAK](https://attack.mitre.org/software/S1075) and [QUIETCANARY](https://attack.mitre.org/software/S1076) malware to previous [ANDROMEDA](https://attack.mitre.org/software/S1074) malware victims in Ukraine through re-registered [ANDROMEDA](https://attack.mitre.org/software/S1074) C2 domains. Several tools and tactics used during [C0026](https://attack.mitre.org/campaigns/C0026) were consistent with historic [Turla](https://attack.mitre.org/groups/G0010) operations.(Citation: Mandiant Suspected Turla Campaign February 2023),https://attack.mitre.org/campaigns/C0026,15 May 2023,29 September 2023,enterprise-attack,1.0,,,01 August 2022,(Citation: Mandiant Suspected Turla Campaign February 2023),01 September 2022,(Citation: Mandiant Suspected Turla Campaign February 2023),"Manikantan Srinivasan, NEC Corporation India; Pooja Natarajan, NEC Corporation India; Yoshihiro Kori, NEC Corporation","(Citation: Mandiant Suspected Turla Campaign February 2023),(Citation: Mandiant Suspected Turla Campaign February 2023),"
C0027,campaign--df74f7ad-b10d-431c-9f1d-a2bc18dadefa,C0027,"[C0027](https://attack.mitre.org/campaigns/C0027) was a financially-motivated campaign linked to [Scattered Spider](https://attack.mitre.org/groups/G1015) that targeted telecommunications and business process outsourcing (BPO) companies from at least June through December of 2022. During [C0027](https://attack.mitre.org/campaigns/C0027) [Scattered Spider](https://attack.mitre.org/groups/G1015) used various forms of social engineering, performed SIM swapping, and attempted to leverage access from victim environments to mobile carrier networks.(Citation: Crowdstrike TELCO BPO Campaign December 2022)
",https://attack.mitre.org/campaigns/C0027,30 June 2023,05 July 2023,enterprise-attack,1.0,,,01 June 2022,(Citation: Crowdstrike TELCO BPO Campaign December 2022),01 December 2022,(Citation: Crowdstrike TELCO BPO Campaign December 2022),,"(Citation: Crowdstrike TELCO BPO Campaign December 2022),(Citation: Crowdstrike TELCO BPO Campaign December 2022),(Citation: Crowdstrike TELCO BPO Campaign December 2022)"
C0032,campaign--7ec2826c-0bf0-4b47-acae-fd683431a4ca,C0032,[C0032](https://attack.mitre.org/campaigns/C0032) was an extended campaign suspected to involve the [Triton](https://attack.mitre.org/software/S1009) adversaries with related capabilities and techniques focused on gaining a foothold within IT environments. This campaign occurred in 2019 and was distinctly different from the [Triton Safety Instrumented System Attack](https://attack.mitre.org/campaigns/C0030).(Citation: FireEye TRITON 2019),https://attack.mitre.org/campaigns/C0032,28 March 2024,15 April 2024,enterprise-attack,1.0,,,01 October 2014,(Citation: FireEye TRITON 2019),01 January 2017,(Citation: FireEye TRITON 2019),,"(Citation: FireEye TRITON 2019),(Citation: FireEye TRITON 2019),(Citation: FireEye TRITON 2019)"
C0033,campaign--a82bc5ad-5f95-4c6a-9f25-aaf6f476a3c4,C0033,"[C0033](https://attack.mitre.org/campaigns/C0033) was a [PROMETHIUM](https://attack.mitre.org/groups/G0056) campaign during which they used [StrongPity](https://attack.mitre.org/software/S0491) to target Android users. [C0033](https://attack.mitre.org/campaigns/C0033) was the first publicly documented mobile campaign for [PROMETHIUM](https://attack.mitre.org/groups/G0056), who previously used Windows-based techniques.(Citation: welivesec_strongpity)",https://attack.mitre.org/campaigns/C0033,28 March 2024,11 April 2024,"mobile-attack,enterprise-attack",1.0,,,01 May 2016,(Citation: securelist_strongpity),01 January 2023,(Citation: welivesec_strongpity),"Hiroki Nagahama, NEC Corporation; Manikantan Srinivasan, NEC Corporation India; Pooja Natarajan, NEC Corporation India","(Citation: Bitdefender StrongPity June 2020),(Citation: Talos Promethium June 2020),,(Citation: Bitdefender StrongPity June 2020),(Citation: Talos Promethium June 2020)"
C0004,campaign--f9cc545e-b0ef-4b92-8884-a3a4427609f6,CostaRicto,"[CostaRicto](https://attack.mitre.org/campaigns/C0004) was a suspected hacker-for-hire cyber espionage campaign that targeted multiple industries worldwide, with a large number being financial institutions. [CostaRicto](https://attack.mitre.org/campaigns/C0004) actors targeted organizations in Europe, the Americas, Asia, Australia, and Africa, with a large concentration in South Asia (especially India, Bangladesh, and Singapore), using custom malware, open source tools, and a complex network of proxies and SSH tunnels.(Citation: BlackBerry CostaRicto November 2020)",https://attack.mitre.org/campaigns/C0004,15 September 2022,05 October 2022,enterprise-attack,1.0,,,01 October 2019,(Citation: BlackBerry CostaRicto November 2020),01 November 2020,(Citation: BlackBerry CostaRicto November 2020),,"(Citation: BlackBerry CostaRicto November 2020),(Citation: BlackBerry CostaRicto November 2020),"
C0029,campaign--4fdd2487-26c1-494e-8702-ec5abe9aa1d9,Cutting Edge,"[Cutting Edge](https://attack.mitre.org/campaigns/C0029) was a campaign conducted by suspected China-nexus espionage actors, variously identified as UNC5221/UTA0178 and UNC5325, that began as early as December 2023 with the exploitation of zero-day vulnerabilities in Ivanti Connect Secure (previously Pulse Secure) VPN appliances. [Cutting Edge](https://attack.mitre.org/campaigns/C0029) targeted the U.S. defense industrial base and multiple sectors globally including  telecommunications, financial, aerospace, and technology. [Cutting Edge](https://attack.mitre.org/campaigns/C0029) featured the use of defense evasion and living-off-the-land (LoTL) techniques along with the deployment of web shells and other custom malware.(Citation: Mandiant Cutting Edge January 2024)(Citation: Volexity Ivanti Zero-Day Exploitation January 2024)(Citation: Volexity Ivanti Global Exploitation January 2024)(Citation: Mandiant Cutting Edge Part 2 January 2024)(Citation: Mandiant Cutting Edge Part 3 February 2024)",https://attack.mitre.org/campaigns/C0029,01 March 2024,28 March 2024,enterprise-attack,1.0,,,01 December 2023,(Citation: Mandiant Cutting Edge January 2024)(Citation: Volexity Ivanti Zero-Day Exploitation January 2024),01 February 2024,(Citation: Mandiant Cutting Edge Part 3 February 2024),,"(Citation: Mandiant Cutting Edge Part 2 January 2024),(Citation: Mandiant Cutting Edge January 2024),(Citation: Mandiant Cutting Edge Part 3 February 2024),(Citation: Volexity Ivanti Zero-Day Exploitation January 2024),(Citation: Volexity Ivanti Global Exploitation January 2024),(Citation: Mandiant Cutting Edge Part 2 January 2024),(Citation: Mandiant Cutting Edge January 2024),(Citation: Mandiant Cutting Edge Part 3 February 2024),(Citation: Volexity Ivanti Zero-Day Exploitation January 2024),(Citation: Volexity Ivanti Global Exploitation January 2024),"
C0001,campaign--26d9ebae-de59-427f-ae9a-349456bae4b1,Frankenstein,"[Frankenstein](https://attack.mitre.org/campaigns/C0001) was described by security researchers as a highly-targeted campaign conducted by moderately sophisticated and highly resourceful threat actors in early 2019. The unidentified actors primarily relied on open source tools, including [Empire](https://attack.mitre.org/software/S0363). The campaign name refers to the actors' ability to piece together several unrelated open-source tool components.(Citation: Talos Frankenstein June 2019)",https://attack.mitre.org/campaigns/C0001,07 September 2022,22 March 2023,enterprise-attack,1.1,,,01 January 2019,(Citation: Talos Frankenstein June 2019),01 April 2019,(Citation: Talos Frankenstein June 2019),,"(Citation: Talos Frankenstein June 2019),(Citation: Talos Frankenstein June 2019),"
C0007,campaign--8d2bc130-89fe-466e-a4f9-6bce6129c2b8,FunnyDream,"[FunnyDream](https://attack.mitre.org/campaigns/C0007) was a suspected Chinese cyber espionage campaign that targeted government and foreign organizations in Malaysia, the Philippines, Taiwan, Vietnam, and other parts of Southeast Asia. Security researchers linked the [FunnyDream](https://attack.mitre.org/campaigns/C0007) campaign to possible Chinese-speaking threat actors through the use of the [Chinoxy](https://attack.mitre.org/software/S1041) backdoor and noted infrastructure overlap with the TAG-16 threat group.(Citation: Bitdefender FunnyDream Campaign November 2020)(Citation: Kaspersky APT Trends Q1 2020)(Citation: Recorded Future Chinese Activity in Southeast Asia December 2021)",https://attack.mitre.org/campaigns/C0007,20 September 2022,10 October 2022,enterprise-attack,1.0,,,01 July 2018,(Citation: Kaspersky APT Trends Q1 2020),01 November 2020,(Citation: Bitdefender FunnyDream Campaign November 2020),,"(Citation: Bitdefender FunnyDream Campaign November 2020),(Citation: Bitdefender FunnyDream Campaign November 2020),"
C0038,campaign--7e21077d-2589-43a7-a5f9-490061289526,HomeLand Justice,"[HomeLand Justice](https://attack.mitre.org/campaigns/C0038) was a disruptive campaign involving the use of ransomware, wiper malware, and sensitive information leaks conducted by Iranian state cyber actors against Albanian government networks in July and September 2022. Initial access for [HomeLand Justice](https://attack.mitre.org/campaigns/C0038) was established in May 2021 as threat actors subsequently moved laterally, exfiltrated sensitive information, and maintained persistence for approximately 14 months prior to the attacks. Responsibility was claimed by the ""HomeLand Justice"" front whose messaging indicated targeting of the Mujahedeen-e Khalq (MEK), an Iranian opposition group who maintain a refugee camp in Albania, and were formerly designated a terrorist organization by the US State Department.(Citation: Mandiant ROADSWEEP August 2022)(Citation: Microsoft Albanian Government Attacks September 2022)(Citation: CISA Iran Albanian Attacks September 2022) A second wave of attacks was launched in September 2022 using similar tactics after public attribution of the previous activity to Iran and the severing of diplomatic ties between Iran and Albania.(Citation: CISA Iran Albanian Attacks September 2022)

",https://attack.mitre.org/campaigns/C0038,06 August 2024,31 October 2024,enterprise-attack,1.0,,,01 May 2021,(Citation: Mandiant ROADSWEEP August 2022)(Citation: Microsoft Albanian Government Attacks September 2022)(Citation: CISA Iran Albanian Attacks September 2022),01 September 2022,(Citation: CISA Iran Albanian Attacks September 2022),"Aung Kyaw Min Naing, @Nolan","(Citation: Microsoft Albanian Government Attacks September 2022),(Citation: CISA Iran Albanian Attacks September 2022),(Citation: Mandiant ROADSWEEP August 2022),(Citation: Microsoft Albanian Government Attacks September 2022),(Citation: CISA Iran Albanian Attacks September 2022),(Citation: Mandiant ROADSWEEP August 2022),(Citation: Microsoft Albanian Government Attacks September 2022)"
C0035,campaign--0c259854-4044-4f6c-ac49-118d484b3e3b,KV Botnet Activity,"[KV Botnet Activity](https://attack.mitre.org/campaigns/C0035) consisted of exploitation of primarily �end-of-life� small office-home office (SOHO) equipment from manufacturers such as Cisco, NETGEAR, and DrayTek. [KV Botnet Activity](https://attack.mitre.org/campaigns/C0035) was used by [Volt Typhoon](https://attack.mitre.org/groups/G1017) to obfuscate connectivity to victims in multiple critical infrastructure segments, including energy and telecommunication companies and entities based on the US territory of Guam. While the KV Botnet is the most prominent element of this campaign, it overlaps with another botnet cluster referred to as the JDY cluster.(Citation: Lumen KVBotnet 2023) This botnet was disrupted by US law enforcement entities in early 2024 after periods of activity from October 2022 through January 2024.(Citation: DOJ KVBotnet 2024)",https://attack.mitre.org/campaigns/C0035,10 June 2024,03 October 2024,enterprise-attack,1.0,,,01 October 2022,(Citation: Lumen KVBotnet 2023),01 January 2024,(Citation: DOJ KVBotnet 2024),,",(Citation: Lumen KVBotnet 2023),(Citation: Lumen KVBotnet 2023)"
C0002,campaign--ae407e32-87e0-4d92-8705-3ae25d504d8a,Night Dragon,"[Night Dragon](https://attack.mitre.org/campaigns/C0002) was a cyber espionage campaign that targeted oil, energy, and petrochemical companies, along with individuals and executives in Kazakhstan, Taiwan, Greece, and the United States. The unidentified threat actors searched for information related to oil and gas field production systems, financials, and collected data from SCADA systems. Based on the observed techniques, tools, and network activities, security researchers assessed the campaign involved a threat group based in China.(Citation: McAfee Night Dragon)",https://attack.mitre.org/campaigns/C0002,08 September 2022,11 April 2024,enterprise-attack,1.1,,,01 November 2009,(Citation: McAfee Night Dragon),01 February 2011,(Citation: McAfee Night Dragon),,"(Citation: McAfee Night Dragon),(Citation: McAfee Night Dragon),"
C0012,campaign--93c23946-49af-41f4-ac03-40f9ffc7419b,Operation CuckooBees,"[Operation CuckooBees](https://attack.mitre.org/campaigns/C0012) was a cyber espionage campaign targeting technology and manufacturing companies in East Asia, Western Europe, and North America since at least 2019. Security researchers noted the goal of [Operation CuckooBees](https://attack.mitre.org/campaigns/C0012), which was still ongoing as of May 2022, was likely the theft of proprietary information, research and development documents, source code, and blueprints for various technologies. Researchers assessed [Operation CuckooBees](https://attack.mitre.org/campaigns/C0012) was conducted by actors affiliated with [Winnti Group](https://attack.mitre.org/groups/G0044), [APT41](https://attack.mitre.org/groups/G0096), and BARIUM.(Citation: Cybereason OperationCuckooBees May 2022)",https://attack.mitre.org/campaigns/C0012,22 September 2022,22 March 2023,enterprise-attack,1.1,,,01 December 2019,(Citation: Cybereason OperationCuckooBees May 2022),01 May 2022,(Citation: Cybereason OperationCuckooBees May 2022),"Andrea Serrano Urea, Telef�nica Tech","(Citation: Cybereason OperationCuckooBees May 2022),(Citation: Cybereason OperationCuckooBees May 2022),"
C0022,campaign--0257b35b-93ef-4a70-80dd-ad5258e6045b,Operation Dream Job,"[Operation Dream Job](https://attack.mitre.org/campaigns/C0022) was a cyber espionage operation likely conducted by [Lazarus Group](https://attack.mitre.org/groups/G0032) that targeted the defense, aerospace, government, and other sectors in the United States, Israel, Australia, Russia, and India. In at least one case, the cyber actors tried to monetize their network access to conduct a business email compromise (BEC) operation. In 2020, security researchers noted overlapping TTPs, to include fake job lures and code similarities, between [Operation Dream Job](https://attack.mitre.org/campaigns/C0022), Operation North Star, and Operation Interception; by 2022 security researchers described [Operation Dream Job](https://attack.mitre.org/campaigns/C0022) as an umbrella term covering both Operation Interception and Operation North Star.(Citation: ClearSky Lazarus Aug 2020)(Citation: McAfee Lazarus Jul 2020)(Citation: ESET Lazarus Jun 2020)(Citation: The Hacker News Lazarus Aug 2022)",https://attack.mitre.org/campaigns/C0022,17 March 2023,11 April 2024,enterprise-attack,1.2,"Operation Interception, Operation North Star","(Citation: ESET Lazarus Jun 2020), (Citation: McAfee Lazarus Jul 2020)(Citation: McAfee Lazarus Nov 2020)",01 September 2019,(Citation: ESET Lazarus Jun 2020),01 August 2020,(Citation: ClearSky Lazarus Aug 2020),,"(Citation: ClearSky Lazarus Aug 2020),(Citation: McAfee Lazarus Nov 2020),(Citation: McAfee Lazarus Jul 2020),(Citation: ClearSky Lazarus Aug 2020),(Citation: ESET Lazarus Jun 2020),(Citation: The Hacker News Lazarus Aug 2022),(Citation: McAfee Lazarus Nov 2020),(Citation: McAfee Lazarus Jul 2020),(Citation: ClearSky Lazarus Aug 2020),(Citation: McAfee Lazarus Nov 2020),(Citation: McAfee Lazarus Jul 2020),(Citation: ESET Lazarus Jun 2020)"
C0016,campaign--4603cf2f-06d0-4970-9c5d-5071b08c817f,Operation Dust Storm,"[Operation Dust Storm](https://attack.mitre.org/campaigns/C0016) was a long-standing persistent cyber espionage campaign that targeted multiple industries in Japan, South Korea, the United States, Europe, and several Southeast Asian countries. By 2015, the [Operation Dust Storm](https://attack.mitre.org/campaigns/C0016) threat actors shifted from government and defense-related intelligence targets to Japanese companies or Japanese subdivisions of larger foreign organizations supporting Japan's critical infrastructure, including electricity generation, oil and natural gas, finance, transportation, and construction.(Citation: Cylance Dust Storm)

[Operation Dust Storm](https://attack.mitre.org/campaigns/C0016) threat actors also began to use Android backdoors in their operations by 2015, with all identified victims at the time residing in Japan or South Korea.(Citation: Cylance Dust Storm)",https://attack.mitre.org/campaigns/C0016,29 September 2022,11 April 2024,"enterprise-attack,mobile-attack",1.1,,,01 January 2010,(Citation: Cylance Dust Storm),01 February 2016,(Citation: Cylance Dust Storm),,"(Citation: Cylance Dust Storm),(Citation: Cylance Dust Storm),"
C0023,campaign--7854c1a0-f06c-4876-98a4-4bbd34751b05,Operation Ghost,"[Operation Ghost](https://attack.mitre.org/campaigns/C0023) was an [APT29](https://attack.mitre.org/groups/G0016) campaign starting in 2013 that included operations against ministries of foreign affairs in Europe and the Washington, D.C. embassy of a European Union country. During [Operation Ghost](https://attack.mitre.org/campaigns/C0023), [APT29](https://attack.mitre.org/groups/G0016) used new families of malware and leveraged web services, steganography, and unique C2 infrastructure for each victim.(Citation: ESET Dukes October 2019)
",https://attack.mitre.org/campaigns/C0023,23 March 2023,06 April 2023,enterprise-attack,1.0,,,01 September 2013,(Citation: ESET Dukes October 2019),01 October 2019,(Citation: ESET Dukes October 2019),,"(Citation: ESET Dukes October 2019),(Citation: ESET Dukes October 2019),(Citation: ESET Dukes October 2019)"
C0006,campaign--4553292d-12c6-4a93-934d-12160370d4e0,Operation Honeybee,"[Operation Honeybee](https://attack.mitre.org/campaigns/C0006) was a campaign that targeted humanitarian aid and inter-Korean affairs organizations from at least late 2017 through early 2018. [Operation Honeybee](https://attack.mitre.org/campaigns/C0006) initially targeted South Korea, but expanded to include Vietnam, Singapore, Japan, Indonesia, Argentina, and Canada. Security researchers assessed the threat actors were likely Korean speakers based on metadata used in both lure documents and executables, and named the campaign ""Honeybee"" after the author name discovered in malicious Word documents.(Citation: McAfee Honeybee) ",https://attack.mitre.org/campaigns/C0006,16 September 2022,11 April 2024,enterprise-attack,1.1,,,01 August 2017,(Citation: McAfee Honeybee),01 February 2018,(Citation: McAfee Honeybee),,"(Citation: McAfee Honeybee),(Citation: McAfee Honeybee),"
C0013,campaign--37764c78-2a99-46d1-a7ea-6454b9bf93a0,Operation Sharpshooter,"[Operation Sharpshooter](https://attack.mitre.org/campaigns/C0013) was a global cyber espionage campaign that targeted nuclear, defense, government, energy, and financial companies, with many located in Germany, Turkey, the United Kingdom, and the United States. Security researchers noted the campaign shared many similarities with previous [Lazarus Group](https://attack.mitre.org/groups/G0032) operations, including fake job recruitment lures and shared malware code.(Citation: McAfee Sharpshooter December 2018)(Citation: Bleeping Computer Op Sharpshooter March 2019)(Citation: Threatpost New Op Sharpshooter Data March 2019)    ",https://attack.mitre.org/campaigns/C0013,26 September 2022,13 October 2022,enterprise-attack,1.0,,,01 September 2017,(Citation: Threatpost New Op Sharpshooter Data March 2019),01 March 2019,(Citation: Threatpost New Op Sharpshooter Data March 2019),,"(Citation: McAfee Sharpshooter December 2018),(Citation: Bleeping Computer Op Sharpshooter March 2019),(Citation: Threatpost New Op Sharpshooter Data March 2019),(Citation: McAfee Sharpshooter December 2018),(Citation: Bleeping Computer Op Sharpshooter March 2019),"
C0005,campaign--4c840263-bbda-440d-a22b-674679ddebf1,Operation Spalax,"[Operation Spalax](https://attack.mitre.org/campaigns/C0005) was a campaign that primarily targeted Colombian government organizations and private companies, particularly those associated with the energy and metallurgical industries. The [Operation Spalax](https://attack.mitre.org/campaigns/C0005) threat actors distributed commodity malware and tools using generic phishing topics related to COVID-19, banking, and law enforcement action. Security researchers noted indicators of compromise and some infrastructure overlaps with other campaigns dating back to April 2018, including at least one separately attributed to [APT-C-36](https://attack.mitre.org/groups/G0099), however identified enough differences to report this as separate, unattributed activity.(Citation: ESET Operation Spalax Jan 2021)  ",https://attack.mitre.org/campaigns/C0005,16 September 2022,11 April 2024,enterprise-attack,1.1,,,01 November 2019,(Citation: ESET Operation Spalax Jan 2021),01 January 2021,(Citation: ESET Operation Spalax Jan 2021),,"(Citation: ESET Operation Spalax Jan 2021),(Citation: ESET Operation Spalax Jan 2021),"
C0014,campaign--b03d5112-e23a-4ac8-add0-be7502d24eff,Operation Wocao,"[Operation Wocao](https://attack.mitre.org/campaigns/C0014) was a cyber espionage campaign that targeted organizations around the world, including in Brazil, China, France, Germany, Italy, Mexico, Portugal, Spain, the United Kingdom, and the United States. The suspected China-based actors compromised government organizations and managed service providers, as well as aviation, construction, energy, finance, health care, insurance, offshore engineering, software development, and transportation companies.(Citation: FoxIT Wocao December 2019)

Security researchers assessed the [Operation Wocao](https://attack.mitre.org/campaigns/C0014) actors used similar TTPs and tools as APT20, suggesting a possible overlap. [Operation Wocao](https://attack.mitre.org/campaigns/C0014) was named after an observed command line entry by one of the threat actors, possibly out of frustration from losing webshell access.(Citation: FoxIT Wocao December 2019)",https://attack.mitre.org/campaigns/C0014,27 September 2022,22 March 2023,enterprise-attack,1.1,,,01 December 2017,(Citation: FoxIT Wocao December 2019),01 December 2019,(Citation: FoxIT Wocao December 2019),"Erik Schamper, @Schamperr, Fox-IT; Maarten van Dantzig, @MaartenVDantzig, Fox-IT","(Citation: FoxIT Wocao December 2019),(Citation: FoxIT Wocao December 2019),"
C0036,campaign--81e89fb4-8d07-4d8a-82f4-bf084f9d5d53,Pikabot Distribution February 2024,"[Pikabot](https://attack.mitre.org/software/S1145) was distributed in [Pikabot Distribution February 2024](https://attack.mitre.org/campaigns/C0036) using malicious emails with embedded links leading to malicious ZIP archives requiring user interaction for follow-on infection. The version of [Pikabot](https://attack.mitre.org/software/S1145) distributed featured significant changes over the 2023 variant, including reduced code complexity and simplified obfuscation mechanisms.(Citation: Elastic Pikabot 2024)(Citation: Zscaler Pikabot 2024)",https://attack.mitre.org/campaigns/C0036,17 July 2024,28 October 2024,enterprise-attack,1.0,,,01 February 2024,(Citation: Elastic Pikabot 2024),01 February 2024,(Citation: Elastic Pikabot 2024),"Inna Danilevich, U.S. Bank","(Citation: Elastic Pikabot 2024),(Citation: Zscaler Pikabot 2024),(Citation: Elastic Pikabot 2024),"
C0024,campaign--808d6b30-df4e-4341-8248-724da4bac650,SolarWinds Compromise,"The [SolarWinds Compromise](https://attack.mitre.org/campaigns/C0024) was a sophisticated supply chain cyber operation conducted by [APT29](https://attack.mitre.org/groups/G0016) that was discovered in mid-December 2020. [APT29](https://attack.mitre.org/groups/G0016) used customized malware to inject malicious code into the SolarWinds Orion software build process that was later distributed through a normal software update; they also used password spraying, token theft, API abuse, spear phishing, and other supply chain attacks to compromise user accounts and leverage their associated access. Victims of this campaign included government, consulting, technology, telecom, and other organizations in North America, Europe, Asia, and the Middle East. This activity has been labled the StellarParticle campaign in industry reporting.(Citation: CrowdStrike StellarParticle January 2022) Industry reporting also initially referred to the actors involved in this campaign as UNC2452, NOBELIUM, Dark Halo, and SolarStorm.(Citation: SolarWinds Advisory Dec 2020)(Citation: SolarWinds Sunburst Sunspot Update January 2021)(Citation: FireEye SUNBURST Backdoor December 2020)(Citation: Volexity SolarWinds)(Citation: CrowdStrike StellarParticle January 2022)(Citation: Unit 42 SolarStorm December 2020)(Citation: Microsoft Analyzing Solorigate Dec 2020)(Citation: Microsoft Internal Solorigate Investigation Blog) 

In April 2021, the US and UK governments attributed the [SolarWinds Compromise](https://attack.mitre.org/campaigns/C0024) to Russia's Foreign Intelligence Service (SVR); public statements included citations to [APT29](https://attack.mitre.org/groups/G0016), Cozy Bear, and The Dukes.(Citation: NSA Joint Advisory SVR SolarWinds April 2021)(Citation: UK NSCS Russia SolarWinds April 2021)(Citation: Mandiant UNC2452 APT29 April 2022) The US government assessed that of the approximately 18,000 affected public and private sector customers of Solar Winds� Orion product, a much smaller number were compromised by follow-on [APT29](https://attack.mitre.org/groups/G0016) activity on their systems.(Citation: USG Joint Statement SolarWinds January 2021) ",https://attack.mitre.org/campaigns/C0024,24 March 2023,03 September 2024,enterprise-attack,1.1,,,01 August 2019,(Citation: Unit 42 SolarStorm December 2020),01 January 2021,(Citation: MSTIC NOBELIUM May 2021),,"(Citation: FireEye SUNBURST Additional Details Dec 2020),(Citation: Cybersecurity Advisory SVR TTP May 2021),(Citation: MSTIC NOBELIUM Mar 2021),(Citation: CrowdStrike StellarParticle January 2022),(Citation: CheckPoint Sunburst & Teardrop December 2020),(Citation: Microsoft 365 Defender Solorigate),(Citation: Symantec RAINDROP January 2021),(Citation: Symantec Sunburst Sending Data January 2021),(Citation: SolarWinds Sunburst Sunspot Update January 2021),(Citation: Microsoft Analyzing Solorigate Dec 2020),(Citation: FireEye SUNBURST Backdoor December 2020),(Citation: Microsoft Deep Dive Solorigate January 2021),(Citation: CrowdStrike SUNSPOT Implant January 2021),(Citation: Cybersecurity Advisory SVR TTP May 2021),(Citation: MSTIC Nobelium Oct 2021),(Citation: MSTIC NOBELIUM Mar 2021),(Citation: CrowdStrike StellarParticle January 2022),(Citation: Volexity SolarWinds),(Citation: FireEye SUNSHUTTLE Mar 2021),(Citation: Microsoft Internal Solorigate Investigation Blog),(Citation: SolarWinds Sunburst Sunspot Update January 2021),(Citation: Microsoft 365 Defender Solorigate),(Citation: Symantec RAINDROP January 2021),(Citation: Microsoft - Customer Guidance on Recent Nation-State Cyber Attacks),(Citation: Secureworks IRON RITUAL Profile),(Citation: Microsoft Analyzing Solorigate Dec 2020),(Citation: FireEye SUNBURST Backdoor December 2020),(Citation: Microsoft Deep Dive Solorigate January 2021),(Citation: CrowdStrike SUNSPOT Implant January 2021),(Citation: Mandiant UNC2452 APT29 April 2022),(Citation: UK NSCS Russia SolarWinds April 2021),(Citation: NSA Joint Advisory SVR SolarWinds April 2021)"
C0030,campaign--45a98f02-852f-49b2-94c0-c63207bebbbf,Triton Safety Instrumented System Attack,"[Triton Safety Instrumented System Attack](https://attack.mitre.org/campaigns/C0030) was a campaign employed by [TEMP.Veles](https://attack.mitre.org/groups/G0088) which leveraged the [Triton](https://attack.mitre.org/software/S1009) malware framework against a petrochemical organization.(Citation: Triton-EENews-2017) The malware and techniques used within this campaign targeted specific Triconex [Safety Controller](https://attack.mitre.org/assets/A0010)s within the environment.(Citation: FireEye TRITON 2018) The incident was eventually discovered due to a safety trip that occurred as a result of an issue in the malware.(Citation: FireEye TRITON 2017)
",https://attack.mitre.org/campaigns/C0030,25 March 2024,17 April 2024,"ics-attack,enterprise-attack",1.0,,,01 June 2017,(Citation: Triton-EENews-2017),01 August 2017,(Citation: Triton-EENews-2017),,"(Citation: FireEye TRITON 2018),(Citation: Triton-EENews-2017),(Citation: FireEye TRITON 2018),(Citation: FireEye TRITON Dec 2017),(Citation: FireEye TEMP.Veles 2018),(Citation: FireEye TRITON Dec 2017),(Citation: FireEye TEMP.Veles 2018)"
C0039,campaign--af0ec65a-caa9-40ef-b1c7-21b71fbf3a10,Versa Director Zero Day Exploitation,"[Versa Director Zero Day Exploitation](https://attack.mitre.org/campaigns/C0039) was conducted by [Volt Typhoon](https://attack.mitre.org/groups/G1017) from early June through August 2024 as zero-day exploitation of Versa Director servers controlling software-defined wide area network (SD-WAN) applications. Since tracked as CVE-2024-39717, exploitation focused on credential capture from compromised Versa Director servers at managed service providers (MSPs) and internet service providers (ISPs) to enable follow-on access to service provider clients. [Versa Director Zero Day Exploitation](https://attack.mitre.org/campaigns/C0039) was followed by the delivery of the [VersaMem](https://attack.mitre.org/software/S1154) web shell for both credential theft and follow-on code execution.(Citation: Lumen Versa 2024)",https://attack.mitre.org/campaigns/C0039,27 August 2024,28 September 2024,enterprise-attack,1.0,,,01 June 2024,(Citation: Lumen Versa 2024),01 August 2024,(Citation: Lumen Versa 2024),,"(Citation: Lumen Versa 2024),(Citation: Lumen Versa 2024),(Citation: Lumen Versa 2024)"
C0037,campaign--57541e3b-657e-463a-a4ab-ca08d7ea9965,Water Curupira Pikabot Distribution,"[Pikabot](https://attack.mitre.org/software/S1145) was distributed in [Water Curupira Pikabot Distribution](https://attack.mitre.org/campaigns/C0037) throughout 2023 by an entity linked to BlackBasta ransomware deployment via email attachments. This activity followed the take-down of [QakBot](https://attack.mitre.org/software/S0650), with several technical overlaps and similarities with [QakBot](https://attack.mitre.org/software/S0650), indicating a possible connection. The identified activity led to the deployment of tools such as [Cobalt Strike](https://attack.mitre.org/software/S0154), while coinciding with campaigns delivering [DarkGate](https://attack.mitre.org/software/S1111) and [IcedID](https://attack.mitre.org/software/S0483) en route to ransomware deployment.(Citation: TrendMicro Pikabot 2024)",https://attack.mitre.org/campaigns/C0037,17 July 2024,28 October 2024,enterprise-attack,1.0,,,01 January 2023,(Citation: TrendMicro Pikabot 2024),01 December 2023,(Citation: TrendMicro Pikabot 2024),"Inna Danilevich, U.S. Bank","(Citation: TrendMicro Pikabot 2024),(Citation: TrendMicro Pikabot 2024),"
